,link,nombre,a√±os
0,https://www.minsalud.gov.co/Normatividad_Nuevo/Decreto%20600%20de%202020.pdf,Decreto_600_de_2020.pdf,2020
1,https://www.minsalud.gov.co/Normatividad_Nuevo/Decreto%20539%20de%202020.pdf,Decreto_539_de_2020.pdf,2020
2,https://www.minsalud.gov.co/Normatividad_Nuevo/Decreto%20538%20de%202020.pdf,Decreto_538_de_2020.pdf,2020
3,https://www.minsalud.gov.co/Normatividad_Nuevo/Decreto%20521%20de%202020.pdf,Decreto_521_de_2020.pdf,2020
4,https://www.minsalud.gov.co/Normatividad_Nuevo/Decreto%20491%20de%202020.pdf,Decreto_491_de_2020.pdf,2020
5,https://www.minsalud.gov.co/Normatividad_Nuevo/Decreto%20476%20de%202020.pdf,Decreto_476_de_2020.pdf,2020
6,https://www.minsalud.gov.co/Normatividad_Nuevo/Decreto%20463%20de%202020.pdf,Decreto_463_de_2020.pdf,2020
7,https://www.minsalud.gov.co/Normatividad_Nuevo/Decreto%20462%20de%202020.pdf,Decreto_462_de_2020.pdf,2020
8,https://www.minsalud.gov.co/Normatividad_Nuevo/Decreto%20292%20de%202020.pdf,Decreto_292_de_2020.pdf,2020
9,https://www.minsalud.gov.co/Normatividad_Nuevo/Decreto%20No.%20268%20de%202020%20-.pdf,Decreto_No._268_de_2020_-.pdf,2020
10,https://www.minsalud.gov.co/Normatividad_Nuevo/Decreto%20No.%20064%20de%202020.pdf,Decreto_No._064_de_2020.pdf,2020
11,https://www.minsalud.gov.co/Normatividad_Nuevo/Decreto%20No.%202359%20de%202019.pdf,Decreto_No._2359_de_2019.pdf,2019
12,https://www.minsalud.gov.co/Normatividad_Nuevo/Decreto%202106%20de%202019.pdf,Decreto_2106_de_2019.pdf,2019
13,https://www.minsalud.gov.co/Normatividad_Nuevo/Decreto%20No.%201975%20de%202019.pdf,Decreto_No._1975_de_2019.pdf,2019
14,https://www.minsalud.gov.co/Normatividad_Nuevo/Decreto%20No.%201818%20de%202019.pdf,Decreto_No._1818_de_2019.pdf,2019
15,https://www.minsalud.gov.co/Normatividad_Nuevo/Decreto%20No.%201765%20de%202019.pdf,Decreto_No._1765_de_2019.pdf,2019
16,https://www.minsalud.gov.co/Normatividad_Nuevo/Decreto%201683%20de%202019.pdf,Decreto_1683_de_2019.pdf,2019
17,https://www.minsalud.gov.co/Normatividad_Nuevo/Decreto%20No.%201630%20de%202019.pdf,Decreto_No._1630_de_2019.pdf,2019
18,https://www.minsalud.gov.co/Normatividad_Nuevo/Decreto%201424%20de%202019.pdf,Decreto_1424_de_2019.pdf,2019
19,https://www.minsalud.gov.co/Normatividad_Nuevo/Decreto%201465%20de%202019.pdf,Decreto_1465_de_2019.pdf,2019
20,https://www.minsalud.gov.co/Normatividad_Nuevo/Decreto%201350%20de%202019.pdf,Decreto_1350_de_2019.pdf,2019
21,https://www.minsalud.gov.co/Normatividad_Nuevo/Decreto%201333%20de%202019.pdf,Decreto_1333_de_2019.pdf,2019
22,https://www.minsalud.gov.co/Normatividad_Nuevo/Decreto%201321%20de%202019.pdf,Decreto_1321_de_2019.pdf,2019
23,https://www.minsalud.gov.co/Normatividad_Nuevo/Decreto%20494%20de%202019.pdf,Decreto_494_de_2019.pdf,2019
24,https://www.minsalud.gov.co/Normatividad_Nuevo/Decreto%20218%20de%202019.pdf,Decreto_218_de_2019.pdf,2019
25,https://www.minsalud.gov.co/Normatividad_Nuevo/Decreto%20216%20de%202019.pdf,Decreto_216_de_2019.pdf,2019
26,https://www.minsalud.gov.co/Normatividad_Nuevo/Decreto%202501%20de%202018.pdf,Decreto_2501_de_2018.pdf,2018
27,https://www.minsalud.gov.co/Normatividad_Nuevo/Decreto%202500%20de%202018.pdf,Decreto_2500_de_2018.pdf,2018
28,https://www.minsalud.gov.co/Normatividad_Nuevo/Decreto%202499%20de%202018.pdf,Decreto_2499_de_2018.pdf,2018
29,https://www.minsalud.gov.co/Normatividad_Nuevo/Decreto%202498%20de%202018.pdf,Decreto_2498_de_2018.pdf,2018
30,https://www.minsalud.gov.co/Normatividad_Nuevo/Decreto%202477%20de%202018.pdf,Decreto_2477_de_2018.pdf,2018
31,https://www.minsalud.gov.co/Normatividad_Nuevo/Decreto%202476%20de%202018.pdf,Decreto_2476_de_2018.pdf,2018
32,https://www.minsalud.gov.co/Normatividad_Nuevo/Decreto%202475%20de%202018.pdf,Decreto_2475_de_2018.pdf,2018
33,https://www.minsalud.gov.co/Normatividad_Nuevo/Decreto%202474%20de%202018.pdf,Decreto_2474_de_2018.pdf,2018
34,https://www.minsalud.gov.co/Normatividad_Nuevo/Decreto%202473%20de%202018.pdf,Decreto_2473_de_2018.pdf,2018
35,https://www.minsalud.gov.co/Normatividad_Nuevo/Decreto%202497%20del%202018.pdf,Decreto_2497_del_2018.pdf,2018
36,https://www.minsalud.gov.co/Normatividad_Nuevo/Decreto%202478%20de%202018.pdf,Decreto_2478_de_2018.pdf,2018
37,https://www.minsalud.gov.co/Normatividad_Nuevo/Decreto%202408%20de%202018.pdf,Decreto_2408_de_2018.pdf,2018
38,https://www.minsalud.gov.co/Normatividad_Nuevo/Decreto%202058%20de%202018.pdf,Decreto_2058_de_2018.pdf,2018
39,https://www.minsalud.gov.co/Normatividad_Nuevo/Decreto%201355%20de%202018.pdf,Decreto_1355_de_2018.pdf,2018
40,https://www.minsalud.gov.co/Normatividad_Nuevo/Decreto%201333%20de%202018.pdf,Decreto_1333_de_2018.pdf,2018
41,https://www.minsalud.gov.co/Normatividad_Nuevo/Decreto%201273%20de%202018.pdf,Decreto_1273_de_2018.pdf,2018
42,https://www.minsalud.gov.co/Normatividad_Nuevo/Decreto%20No.1249%20de%202018.pdf,Decreto_No.1249_de_2018.pdf,2018
43,https://www.minsalud.gov.co/Normatividad_Nuevo/Decreto%201156%20de%202018.pdf,Decreto_1156_de_2018.pdf,2018
44,https://www.minsalud.gov.co/Normatividad_Nuevo/Decreto%201036%20de%202018.pdf,Decreto_1036_de_2018.pdf,2018
45,https://www.minsalud.gov.co/Normatividad_Nuevo/Decreto%20948%20de%202018.pdf,Decreto_948_de_2018.pdf,2018
46,https://www.minsalud.gov.co/Normatividad_Nuevo/Decreto%20852%20de%202018.pdf,Decreto_852_de_2018.pdf,2018
47,https://www.minsalud.gov.co/Normatividad_Nuevo/Decreto%20710%20de%202018.pdf,Decreto_710_de_2018.pdf,2018
48,https://www.minsalud.gov.co/Normatividad_Nuevo/Decreto%20682%20de%202018.pdf,Decreto_682_de_2018.pdf,2018
49,https://www.minsalud.gov.co/Normatividad_Nuevo/Decreto%20631%20de%202018.pdf,Decreto_631_de_2018.pdf,2018
50,https://www.minsalud.gov.co/Normatividad_Nuevo/Decreto%20433%20de%202018.pdf,Decreto_433_de_2018.pdf,2018
51,https://www.minsalud.gov.co/Normatividad_Nuevo/Decreto%20336%20de%202018.pdf,Decreto_336_de_2018.pdf,2018
52,https://www.minsalud.gov.co/Normatividad_Nuevo/Decreto%202265%20de%202017.pdf,Decreto_2265_de_2017.pdf,2017
53,https://www.minsalud.gov.co/Normatividad_Nuevo/Decreto%202228%20de%202017.pdf,Decreto_2228_de_2017.pdf,2017
54,https://www.minsalud.gov.co/Normatividad_Nuevo/Decreto%201848%20de%202017.pdf,Decreto_1848_de_2017.pdf,2017
55,https://www.minsalud.gov.co/Normatividad_Nuevo/Decreto%201765%20de%202017.pdf,Decreto_1765_de_2017.pdf,2017
56,https://www.minsalud.gov.co/Normatividad_Nuevo/Decreto%201603%20de%202017.pdf,Decreto_1603_de_2017.pdf,2017
57,https://www.minsalud.gov.co/Normatividad_Nuevo/Decreto%201297%20de%202017.pdf,Decreto_1297_de_2017.pdf,2017
58,https://www.minsalud.gov.co/Normatividad_Nuevo/Decreto%20969%20de%202017.pdf,Decreto_969_de_2017.pdf,2017
59,https://www.minsalud.gov.co/Normatividad_Nuevo/Decreto%20923%20del%202017.pdf,Decreto_923_del_2017.pdf,2017
60,https://www.minsalud.gov.co/Normatividad_Nuevo/Decreto%20866%20del%202017.pdf,Decreto_866_del_2017.pdf,2017
61,https://www.minsalud.gov.co/Normatividad_Nuevo/Decreto%20762%20de%202017.pdf,Decreto_762_de_2017.pdf,2017
62,https://www.minsalud.gov.co/Normatividad_Nuevo/Decreto%20718%20de%202017.pdf,Decreto_718_de_2017.pdf,2017
63,https://www.minsalud.gov.co/Normatividad_Nuevo/Decreto%20613%20de%202017.pdf,Decreto_613_de_2017.pdf,2017
64,https://www.minsalud.gov.co/Normatividad_Nuevo/Decreto%20294%20de%202017.pdf,Decreto_294_de_2017.pdf,2017
65,https://www.minsalud.gov.co/Normatividad_Nuevo/Decreto%202170%20de%202016.pdf,Decreto_2170_de_2016.pdf,2016
66,https://www.minsalud.gov.co/Normatividad_Nuevo/Decreto%202152%20de%202016.pdf,Decreto_2152_de_2016.pdf,2016
67,https://www.minsalud.gov.co/Normatividad_Nuevo/Decreto%202117%20de%202016.pdf,Decreto_2117_de_2016.pdf,2016
68,https://www.minsalud.gov.co/Normatividad_Nuevo/Decreto%202083%20de%202016.pdf,Decreto_2083_de_2016.pdf,2016
69,https://www.minsalud.gov.co/Normatividad_Nuevo/Decreto%201990%20de%202016.pdf,Decreto_1990_de_2016.pdf,2016
70,https://www.minsalud.gov.co/Normatividad_Nuevo/Decreto%201937%20de%202016.pdf,Decreto_1937_de_2016.pdf,2016
71,https://www.minsalud.gov.co/Normatividad_Nuevo/Decreto%201830%20de%202016.pdf,Decreto_1830_de_2016.pdf,2016
72,https://www.minsalud.gov.co/Normatividad_Nuevo/Decreto%201829%20de%202016.pdf,Decreto_1829_de_2016.pdf,2016
73,https://www.minsalud.gov.co/Normatividad_Nuevo/Decreto%201623%20de%202016.pdf,Decreto_1623_de_2016.pdf,2016
74,https://www.minsalud.gov.co/Normatividad_Nuevo/Decreto%201550%20de%202016.pdf,Decreto_1550_de_2016.pdf,2016
75,https://www.minsalud.gov.co/Normatividad_Nuevo/Decreto%201500%20de%202016.pdf,Decreto_1500_de_2016.pdf,2016
76,https://www.minsalud.gov.co/Normatividad_Nuevo/Decreto%201495%20de%202016.pdf,Decreto_1495_de_2016.pdf,2016
77,https://www.minsalud.gov.co/Normatividad_Nuevo/Decreto%201433%20de%202016.pdf,Decreto_1433_de_2016.pdf,2016
78,https://www.minsalud.gov.co/Normatividad_Nuevo/Decreto%201432%20de%202016.pdf,Decreto_1432_de_2016.pdf,2016
79,https://www.minsalud.gov.co/Normatividad_Nuevo/Decreto%201431%20de%202016.pdf,Decreto_1431_de_2016.pdf,2016
80,https://www.minsalud.gov.co/Normatividad_Nuevo/Decreto%201429%20de%202016.pdf,Decreto_1429_de_2016.pdf,2016
81,https://www.minsalud.gov.co/Normatividad_Nuevo/Decreto%201428%20de%202016.pdf,Decreto_1428_de_2016.pdf,2016
82,https://www.minsalud.gov.co/Normatividad_Nuevo/Decreto%201427%20de%202016.pdf,Decreto_1427_de_2016.pdf,2016
83,https://www.minsalud.gov.co/Normatividad_Nuevo/Decreto%201370%20de%202016.pdf,Decreto_1370_de_2016.pdf,2016
84,https://www.minsalud.gov.co/Normatividad_Nuevo/Decreto%201282%20de%202016.pdf,Decreto_1282_de_2016.pdf,2016
85,https://www.minsalud.gov.co/Normatividad_Nuevo/Decreto%201255%20de%202016.pdf,Decreto_1255_de_2016.pdf,2016
86,https://www.minsalud.gov.co/Normatividad_Nuevo/Decreto%201184%20de%202016.pdf,Decreto_1184_de_2016.pdf,2016
87,https://www.minsalud.gov.co/Normatividad_Nuevo/Decreto%200843%20de%202016.pdf,Decreto_0843_de_2016.pdf,2016
88,https://www.minsalud.gov.co/Normatividad_Nuevo/Decreto%200780%20de%202016.pdf,Decreto_0780_de_2016.pdf,2016
89,https://www.minsalud.gov.co/Normatividad_Nuevo/Decreto%200705%20de%202016.pdf,Decreto_0705_de_2016.pdf,2016
90,https://www.minsalud.gov.co/Normatividad_Nuevo/Decreto%200541%20de%202016.pdf,Decreto_0541_de_2016.pdf,2016
91,https://www.minsalud.gov.co/Normatividad_Nuevo/decreto%200052%20de%202016.pdf,decreto_0052_de_2016.pdf,2016
92,https://www.minsalud.gov.co/Normatividad_Nuevo/Decreto%202353%20de%202015.pdf,Decreto_2353_de_2015.pdf,2015
93,https://www.minsalud.gov.co/Normatividad_Nuevo/Decreto%202459%20de%202015.pdf,Decreto_2459_de_2015.pdf,2015
94,https://www.minsalud.gov.co/Normatividad_Nuevo/Decreto%202519%20de%202015.pdf,Decreto_2519_de_2015.pdf,2015
95,https://www.minsalud.gov.co/Normatividad_Nuevo/Decreto%202467%20de%202015.pdf,Decreto_2467_de_2015.pdf,2015
96,https://www.minsalud.gov.co/Normatividad_Nuevo/Decreto%201681%20de%202015.pdf,Decreto_1681_de_2015.pdf,2015
97,https://www.minsalud.gov.co/Normatividad_Nuevo/Decreto%201768%20de%202015.pdf,Decreto_1768_de_2015.pdf,2015
98,https://www.minsalud.gov.co/Normatividad_Nuevo/Decreto%201229%20de%202015.pdf,Decreto_1229_de_2015.pdf,2015
99,https://www.minsalud.gov.co/Normatividad_Nuevo/Decreto_0868%20del%202015.pdf,Decreto_0868_del_2015.pdf,2015
100,https://www.minsalud.gov.co/Normatividad_Nuevo/Decreto%200554%20de%202015.pdf,Decreto_0554_de_2015.pdf,2015
101,https://www.minsalud.gov.co/Normatividad_Nuevo/Decreto%200553%20de%202015.pdf,Decreto_0553_de_2015.pdf,2015
102,https://www.minsalud.gov.co/Normatividad_Nuevo/Decreto%200058%20de%202015.pdf,Decreto_0058_de_2015.pdf,2015
103,https://www.minsalud.gov.co/Normatividad_Nuevo/Decreto%200056%20de%202015.pdf,Decreto_0056_de_2015.pdf,2015
104,https://www.minsalud.gov.co/Normatividad_Nuevo/Decreto%200055%20de%202015.pdf,Decreto_0055_de_2015.pdf,2015
105,https://www.minsalud.gov.co/Normatividad_Nuevo/Decreto%200057%20de%202015.pdf,Decreto_0057_de_2015.pdf,2015
106,https://www.minsalud.gov.co/Normatividad_Nuevo/Decreto%201953%20de%202014.pdf,Decreto_1953_de_2014.pdf,2014
107,https://www.minsalud.gov.co/Normatividad_Nuevo/Decreto%202702%20de%202014.pdf,Decreto_2702_de_2014.pdf,2014
108,https://www.minsalud.gov.co/Normatividad_Nuevo/Decreto%202715%20de%202014.pdf,Decreto_2715_de_2014.pdf,2014
109,https://www.minsalud.gov.co/Normatividad_Nuevo/Decreto%202714%20de%202014.pdf,Decreto_2714_de_2014.pdf,2014
110,https://www.minsalud.gov.co/Normatividad_Nuevo/Decreto%202651%20de%202014.pdf,Decreto_2651_de_2014.pdf,2014
111,https://www.minsalud.gov.co/Normatividad_Nuevo/Decreto%202562%20de%202014.pdf,Decreto_2562_de_2014.pdf,2014
112,https://www.minsalud.gov.co/Normatividad_Nuevo/Decreto%202561%20de%202014.pdf,Decreto_2561_de_2014.pdf,2014
113,https://www.minsalud.gov.co/Normatividad_Nuevo/Decreto%202478%20de%202014.pdf,Decreto_2478_de_2014.pdf,2014
114,https://www.minsalud.gov.co/Normatividad_Nuevo/Decreto%202487%20de%202014.pdf,Decreto_2487_de_2014.pdf,2014
115,https://www.minsalud.gov.co/Normatividad_Nuevo/Decreto%202273%20de%202014.pdf,Decreto_2273_de_2014.pdf,2014
116,https://www.minsalud.gov.co/Normatividad_Nuevo/Decreto%201782%20de%202014.pdf,Decreto_1782_de_2014.pdf,2014
117,https://www.minsalud.gov.co/Normatividad_Nuevo/Decreto%201506%20de%202014.pdf,Decreto_1506_de_2014.pdf,2014
118,https://www.minsalud.gov.co/Normatividad_Nuevo/Decreto%201505%20de%202014.PDF,Decreto_1505_de_2014.PDF,2014
119,https://www.minsalud.gov.co/Normatividad_Nuevo/Decreto1439%20de%202014.pdf,Decreto1439_de_2014.pdf,2014
120,https://www.minsalud.gov.co/Normatividad_Nuevo/Decreto%201439%20de%202014.pdf,Decreto_1439_de_2014.pdf,2014
121,https://www.minsalud.gov.co/Normatividad_Nuevo/Decreto%201438%20de%202014.pdf,Decreto_1438_de_2014.pdf,2014
122,https://www.minsalud.gov.co/Normatividad_Nuevo/Decreto%201437%20de%202014.pdf,Decreto_1437_de_2014.pdf,2014
123,https://www.minsalud.gov.co/Normatividad_Nuevo/Decreto%201375%20de%202014.pdf,Decreto_1375_de_2014.pdf,2014
124,https://www.minsalud.gov.co/Normatividad_Nuevo/Decreto%201164%20de%202014.pdf,Decreto_1164_de_2014.pdf,2014
125,https://www.minsalud.gov.co/Normatividad_Nuevo/Decreto%201115%20de%202014.pdf,Decreto_1115_de_2014.pdf,2014
126,https://www.minsalud.gov.co/Normatividad_Nuevo/Decreto%201033%20%20de%202014.pdf,Decreto_1033__de_2014.pdf,2014
127,https://www.minsalud.gov.co/Normatividad_Nuevo/Decreto%200903%20de%202014.pdf,Decreto_0903_de_2014.pdf,2014
128,https://www.minsalud.gov.co/Normatividad_Nuevo/Decreto%200859%20de%202014.pdf,Decreto_0859_de_2014.pdf,2014
129,https://www.minsalud.gov.co/Normatividad_Nuevo/Decreto%200539%20de%202014.pdf,Decreto_0539_de_2014.pdf,2014
130,https://www.minsalud.gov.co/Normatividad_Nuevo/Decreto%200674%20de%202014.pdf,Decreto_0674_de_2014.pdf,2014
131,https://www.minsalud.gov.co/Normatividad_Nuevo/Decreto%200652%20de%202014.pdf,Decreto_0652_de_2014.pdf,2014
132,https://www.minsalud.gov.co/Normatividad_Nuevo/Decreto%200617%20de%202014.pdf,Decreto_0617_de_2014.pdf,2014
133,https://www.minsalud.gov.co/Normatividad_Nuevo/Decreto%200590%20de%202014.pdf,Decreto_0590_de_2014.pdf,2014
134,https://www.minsalud.gov.co/Normatividad_Nuevo/Decreto%200351%20de%202014.pdf,Decreto_0351_de_2014.pdf,2014
135,https://www.minsalud.gov.co/Normatividad_Nuevo/Decreto%200158%20de%202014.pdf,Decreto_0158_de_2014.pdf,2014
136,https://www.minsalud.gov.co/Normatividad_Nuevo/Decreto%203000%20de%202013.pdf,Decreto_3000_de_2013.pdf,2013
137,https://www.minsalud.gov.co/Normatividad_Nuevo/Decreto%203046%20de%202013.pdf,Decreto_3046_de_2013.pdf,2013
138,https://www.minsalud.gov.co/Normatividad_Nuevo/Decreto%203045%20de%202013.pdf,Decreto_3045_de_2013.pdf,2013
139,https://www.minsalud.gov.co/Normatividad_Nuevo/Decreto%203047%20de%202013.pdf,Decreto_3047_de_2013.pdf,2013
140,https://www.minsalud.gov.co/Normatividad_Nuevo/Decreto%203044%20de%202013.pdf,Decreto_3044_de_2013.pdf,2013
141,https://www.minsalud.gov.co/Normatividad_Nuevo/Decreto%202842%20de%202013.pdf,Decreto_2842_de_2013.pdf,2013
142,https://www.minsalud.gov.co/Normatividad_Nuevo/Decreto%202796%20de%202013.pdf,Decreto_2796_de_2013.pdf,2013
143,https://www.minsalud.gov.co/Normatividad_Nuevo/Decreto%202766%20de%202013.pdf,Decreto_2766_de_2013.pdf,2013
144,https://www.minsalud.gov.co/Normatividad_Nuevo/Decreto%202464%20de%202013.pdf,Decreto_2464_de_2013.pdf,2013
145,https://www.minsalud.gov.co/Normatividad_Nuevo/Decreto%202463%20de%202013.pdf,Decreto_2463_de_2013.pdf,2013
146,https://www.minsalud.gov.co/Normatividad_Nuevo/Decreto%202462%20de%202013.pdf,Decreto_2462_de_2013.pdf,2013
147,https://www.minsalud.gov.co/Normatividad_Nuevo/Decreto%202263%20de%202013.pdf,Decreto_2263_de_2013.pdf,2013
148,https://www.minsalud.gov.co/Normatividad_Nuevo/Decreto%202262%20de%202013.pdf,Decreto_2262_de_2013.pdf,2013
149,https://www.minsalud.gov.co/Normatividad_Nuevo/Decreto%201921%20de%202013.pdf,Decreto_1921_de_2013.pdf,2013
150,https://www.minsalud.gov.co/Normatividad_Nuevo/Decreto%201683%20de%202013.pdf,Decreto_1683_de_2013.pdf,2013
151,https://www.minsalud.gov.co/Normatividad_Nuevo/Decreto%201623%20de%202013.pdf,Decreto_1623_de_2013.pdf,2013
152,https://www.minsalud.gov.co/Normatividad_Nuevo/Decreto%201388%20de%202013.pdf,Decreto_1388_de_2013.pdf,2013
153,https://www.minsalud.gov.co/Normatividad_Nuevo/Decreto%201223%20de%202013.pdf,Decreto_1223_de_2013.pdf,2013
154,https://www.minsalud.gov.co/Normatividad_Nuevo/Decreto%201222%20de%202013.pdf,Decreto_1222_de_2013.pdf,2013
155,https://www.minsalud.gov.co/Normatividad_Nuevo/Decreto%201152%20de%202013.pdf,Decreto_1152_de_2013.pdf,2013
156,https://www.minsalud.gov.co/Normatividad_Nuevo/Decreto%201095%20de%202013.pdf,Decreto_1095_de_2013.pdf,2013
157,https://www.minsalud.gov.co/Normatividad_Nuevo/Decreto%201094%20de%202013.pdf,Decreto_1094_de_2013.pdf,2013
158,https://www.minsalud.gov.co/Normatividad_Nuevo/Decreto%200931%20de%202013.pdf,Decreto_0931_de_2013.pdf,2013
159,https://www.minsalud.gov.co/Normatividad_Nuevo/Decreto%200918%20de%202013.pdf,Decreto_0918_de_2013.pdf,2013
160,https://www.minsalud.gov.co/Normatividad_Nuevo/Decreto%200917%20de%202013.pdf,Decreto_0917_de_2013.pdf,2013
161,https://www.minsalud.gov.co/Normatividad_Nuevo/Decreto%200916%20de%202013.pdf,Decreto_0916_de_2013.pdf,2013
162,https://www.minsalud.gov.co/Normatividad_Nuevo/Decreto%200877%20de%202013.pdf,Decreto_0877_de_2013.pdf,2013
163,https://www.minsalud.gov.co/Normatividad_Nuevo/Decreto%200876%20de%202013.pdf,Decreto_0876_de_2013.pdf,2013
164,https://www.minsalud.gov.co/Normatividad_Nuevo/Decreto%200728%20de%202013.pdf,Decreto_0728_de_2013.pdf,2013
165,https://www.minsalud.gov.co/Normatividad_Nuevo/Decreto%200723%20de%202013.pdf,Decreto_0723_de_2013.pdf,2013
166,https://www.minsalud.gov.co/Normatividad_Nuevo/Decreto%200658%20de%202013.pdf,Decreto_0658_de_2013.pdf,2013
167,https://www.minsalud.gov.co/Normatividad_Nuevo/Decreto%200603%20de%202013.pdf,Decreto_0603_de_2013.pdf,2013
168,https://www.minsalud.gov.co/Normatividad_Nuevo/Decreto%200485%20de%202013.pdf,Decreto_0485_de_2013.pdf,2013
169,https://www.minsalud.gov.co/Normatividad_Nuevo/Decreto%200482%20de%202013.pdf,Decreto_0482_de_2013.pdf,2013
170,https://www.minsalud.gov.co/Normatividad_Nuevo/Decreto%200483%20de%202013.pdf,Decreto_0483_de_2013.pdf,2013
171,https://www.minsalud.gov.co/Normatividad_Nuevo/Decreto%200481%20de%202013.pdf,Decreto_0481_de_2013.pdf,2013
172,https://www.minsalud.gov.co/Normatividad_Nuevo/Decreto%200347%20de%202013.pdf,Decreto_0347_de_2013.pdf,2013
173,https://www.minsalud.gov.co/Normatividad_Nuevo/Decreto%200318%20de%202013.pdf,Decreto_0318_de_2013.pdf,2013
174,https://www.minsalud.gov.co/Normatividad_Nuevo/Decreto%200249%20de%202013.pdf,Decreto_0249_de_2013.pdf,2013
175,https://www.minsalud.gov.co/Normatividad_Nuevo/Decreto%200196%20de%202013.pdf,Decreto_0196_de_2013.pdf,2013
176,https://www.minsalud.gov.co/Normatividad_Nuevo/Resoluci%C3%B3n%20Ejecutiva%200217%20de%202012.pdf,Resoluci%C3%B3n_Ejecutiva_0217_de_2012.pdf,2012
177,https://www.minsalud.gov.co/Normatividad_Nuevo/Decreto%204023%20de%202011.pdf,Decreto_4023_de_2011.pdf,2011
178,https://www.minsalud.gov.co/Normatividad_Nuevo/Decreto%202776%20de%202012.pdf,Decreto_2776_de_2012.pdf,2012
179,https://www.minsalud.gov.co/Normatividad_Nuevo/Decreto%202775%20de%202012.pdf,Decreto_2775_de_2012.pdf,2012
180,https://www.minsalud.gov.co/Normatividad_Nuevo/Decreto%202774%20de%202012.pdf,Decreto_2774_de_2012.pdf,2012
181,https://www.minsalud.gov.co/Normatividad_Nuevo/Decreto%202727%20de%202012.pdf,Decreto_2727_de_2012.pdf,2012
182,https://www.minsalud.gov.co/Normatividad_Nuevo/Decreto%202734%20de%202012.pdf,Decreto_2734_de_2012.pdf,2012
183,https://www.minsalud.gov.co/Normatividad_Nuevo/Decreto%202687%20de%202012.pdf,Decreto_2687_de_2012.pdf,2012
184,https://www.minsalud.gov.co/Normatividad_Nuevo/Decreto%202685%20de%202012.pdf,Decreto_2685_de_2012.pdf,2012
185,https://www.minsalud.gov.co/Normatividad_Nuevo/Decreto%202638%20de%202012.pdf,Decreto_2638_de_2012.pdf,2012
186,https://www.minsalud.gov.co/Normatividad_Nuevo/Decreto%202563%20de%202012.pdf,Decreto_2563_de_2012.pdf,2012
187,https://www.minsalud.gov.co/Normatividad_Nuevo/Decreto%202562%20de%202012.PDF,Decreto_2562_de_2012.PDF,2012
188,https://www.minsalud.gov.co/Normatividad_Nuevo/Decreto%202561%20de%202012.pdf,Decreto_2561_de_2012.pdf,2012
189,https://www.minsalud.gov.co/Normatividad_Nuevo/Decreto%202560%20de%202012.pdf,Decreto_2560_de_2012.pdf,2012
190,https://www.minsalud.gov.co/Normatividad_Nuevo/Decreto%202463%20de%202012.pdf,Decreto_2463_de_2012.pdf,2012
191,https://www.minsalud.gov.co/Normatividad_Nuevo/Decreto%202336%20de%202012.pdf,Decreto_2336_de_2012.pdf,2012
192,https://www.minsalud.gov.co/Normatividad_Nuevo/Decreto%202270%20de%202012.pdf,Decreto_2270_de_2012.pdf,2012
193,https://www.minsalud.gov.co/Normatividad_Nuevo/Decreto%202169%20de%202012.pdf,Decreto_2169_de_2012.pdf,2012
194,https://www.minsalud.gov.co/Normatividad_Nuevo/Decreto%202079%20de%202012.pdf,Decreto_2079_de_2012.pdf,2012
195,https://www.minsalud.gov.co/Normatividad_Nuevo/Decreto%202078%20de%202012.pdf,Decreto_2078_de_2012.pdf,2012
196,https://www.minsalud.gov.co/Normatividad_Nuevo/Decreto%202013%20de%202012.pdf,Decreto_2013_de_2012.pdf,2012
197,https://www.minsalud.gov.co/Normatividad_Nuevo/Decreto%201955%20de%202012.pdf,Decreto_1955_de_2012.pdf,2012
198,https://www.minsalud.gov.co/Normatividad_Nuevo/Decreto%201954%20de%202012.pdf,Decreto_1954_de_2012.pdf,2012
199,https://www.minsalud.gov.co/Normatividad_Nuevo/Decreto%201865%20de%202012.pdf,Decreto_1865_de_2012.pdf,2012
200,https://www.minsalud.gov.co/Normatividad_Nuevo/Decreto%201792%20de%202012.pdf,Decreto_1792_de_2012.pdf,2012
201,https://www.minsalud.gov.co/Normatividad_Nuevo/Decreto%201713%20de%202012.pdf,Decreto_1713_de_2012.pdf,2012
202,https://www.minsalud.gov.co/Normatividad_Nuevo/Decreto%201686%20de%202012.pdf,Decreto_1686_de_2012.pdf,2012
203,https://www.minsalud.gov.co/Normatividad_Nuevo/Decreto%201627%20de%202012.pdf,Decreto_1627_de_2012.pdf,2012
204,https://www.minsalud.gov.co/Normatividad_Nuevo/Decreto%201464%20de%202012.PDF,Decreto_1464_de_2012.PDF,2012
205,https://www.minsalud.gov.co/Normatividad_Nuevo/Decreto%201450%20de%20%202012.pdf,Decreto_1450_de__2012.pdf,2012
206,https://www.minsalud.gov.co/Normatividad_Nuevo/Decreto%201396%20de%202012.pdf,Decreto_1396_de_2012.pdf,2012
207,https://www.minsalud.gov.co/Normatividad_Nuevo/Decreto%201395%20de%202012.PDF,Decreto_1395_de_2012.PDF,2012
208,https://www.minsalud.gov.co/Normatividad_Nuevo/Decreto%201377%20de%202012.PDF,Decreto_1377_de_2012.PDF,2012
209,https://www.minsalud.gov.co/Normatividad_Nuevo/Decreto%201229%20de%202012.pdf,Decreto_1229_de_2012.pdf,2012
210,https://www.minsalud.gov.co/Normatividad_Nuevo/Decreto%201194%20de%202012.pdf,Decreto_1194_de_2012.pdf,2012
211,https://www.minsalud.gov.co/Normatividad_Nuevo/Decreto%201080%20de%202012.pdf,Decreto_1080_de_2012.pdf,2012
212,https://www.minsalud.gov.co/Normatividad_Nuevo/Decreto%201071%20de%202012.pdf,Decreto_1071_de_2012.pdf,2012
213,https://www.minsalud.gov.co/Normatividad_Nuevo/Decreto%200967%20de%202012.pdf,Decreto_0967_de_2012.pdf,2012
214,https://www.minsalud.gov.co/Normatividad_Nuevo/Decreto%200917%20de%202012.pdf,Decreto_0917_de_2012.pdf,2012
215,https://www.minsalud.gov.co/Normatividad_Nuevo/Decreto%200873%20de%202012.pdf,Decreto_0873_de_2012.pdf,2012
216,https://www.minsalud.gov.co/Normatividad_Nuevo/Decreto%200825%20de%202012.pdf,Decreto_0825_de_2012.pdf,2012
217,https://www.minsalud.gov.co/Normatividad_Nuevo/Decreto%200733%20de%202012.pdf,Decreto_0733_de_2012.pdf,2012
218,https://www.minsalud.gov.co/Normatividad_Nuevo/Decreto%200633%20de%202012.pdf,Decreto_0633_de_2012.pdf,2012
219,https://www.minsalud.gov.co/Normatividad_Nuevo/Decreto%200552%20de%202012.pdf,Decreto_0552_de_2012.pdf,2012
220,https://www.minsalud.gov.co/Normatividad_Nuevo/Decreto%200540%20de%202012.pdf,Decreto_0540_de_2012.pdf,2012
221,https://www.minsalud.gov.co/Normatividad_Nuevo/Decreto%200320%20de%202012.pdf,Decreto_0320_de_2012.pdf,2012
222,https://www.minsalud.gov.co/Normatividad_Nuevo/Decreto%200310%20de%202012.pdf,Decreto_0310_de_2012.pdf,2012
223,https://www.minsalud.gov.co/Normatividad_Nuevo/Decreto%200177%20de%202012.pdf,Decreto_0177_de_2012.pdf,2012
224,https://www.minsalud.gov.co/Normatividad_Nuevo/Decreto%200100%20de%202012.pdf,Decreto_0100_de_2012.pdf,2012
225,https://www.minsalud.gov.co/Normatividad_Nuevo/Decreto%200019%20de%202012.pdf,Decreto_0019_de_2012.pdf,2012
226,https://www.minsalud.gov.co/Normatividad_Nuevo/DECRETO%204962%20DE%202011.pdf,DECRETO_4962_DE_2011.pdf,2011
227,https://www.minsalud.gov.co/Normatividad_Nuevo/Decreto%204802%20de%202011.pdf,Decreto_4802_de_2011.pdf,2011
228,https://www.minsalud.gov.co/Normatividad_Nuevo/Decreto%204801%20de%202011.pdf,Decreto_4801_de_2011.pdf,2011
229,https://www.minsalud.gov.co/Normatividad_Nuevo/Decreto%204800%20de%202011.pdf,Decreto_4800_de_2011.pdf,2011
230,https://www.minsalud.gov.co/Normatividad_Nuevo/DECRETO%204690%20DE%202011.pdf,DECRETO_4690_DE_2011.pdf,2011
231,https://www.minsalud.gov.co/Normatividad_Nuevo/Decreto%204635%20de%202011.pdf,Decreto_4635_de_2011.pdf,2011
232,https://www.minsalud.gov.co/Normatividad_Nuevo/Decreto%204634%20de%202011.pdf,Decreto_4634_de_2011.pdf,2011
233,https://www.minsalud.gov.co/Normatividad_Nuevo/Decreto%204633%20de%202011.pdf,Decreto_4633_de_2011.pdf,2011
234,https://www.minsalud.gov.co/Normatividad_Nuevo/DECRETO%204465%20DE%202011.pdf,DECRETO_4465_DE_2011.pdf,2011
235,https://www.minsalud.gov.co/Normatividad_Nuevo/DECRETO%204185%20DE%202011.pdf,DECRETO_4185_DE_2011.pdf,2011
236,https://www.minsalud.gov.co/Normatividad_Nuevo/DECRETO%204121%20DE%202011.pdf,DECRETO_4121_DE_2011.pdf,2011
237,https://www.minsalud.gov.co/Normatividad_Nuevo/DECRETO%204111%20DE%202011.pdf,DECRETO_4111_DE_2011.pdf,2011
238,https://www.minsalud.gov.co/Normatividad_Nuevo/DECRETO%204109%20DE%202011.pdf,DECRETO_4109_DE_2011.pdf,2011
239,https://www.minsalud.gov.co/Normatividad_Nuevo/DECRETO%204108%20DE%202011.pdf,DECRETO_4108_DE_2011.pdf,2011
240,https://www.minsalud.gov.co/Normatividad_Nuevo/DECRETO%204107%20DE%202011.pdf,DECRETO_4107_DE_2011.pdf,2011
241,https://www.minsalud.gov.co/Normatividad_Nuevo/DECRETO%203961%20%20DE%202011.pdf,DECRETO_3961__DE_2011.pdf,2011
242,https://www.minsalud.gov.co/Normatividad_Nuevo/DECRETO%203830%20DE%202011.pdf,DECRETO_3830_DE_2011.pdf,2011
243,https://www.minsalud.gov.co/Normatividad_Nuevo/DECRETO%203136%20DE%202011.pdf,DECRETO_3136_DE_2011.pdf,2011
244,https://www.minsalud.gov.co/Normatividad_Nuevo/DECRETO%202993%20DE%202011.pdf,DECRETO_2993_DE_2011.pdf,2011
245,https://www.minsalud.gov.co/Normatividad_Nuevo/DECRETO%202923%20DE%202011.pdf,DECRETO_2923_DE_2011.pdf,2011
246,https://www.minsalud.gov.co/Normatividad_Nuevo/DECRETO%201700%20DE%202011.pdf,DECRETO_1700_DE_2011.pdf,2011
247,https://www.minsalud.gov.co/Normatividad_Nuevo/DECRETO%201362%20DE%202011.pdf,DECRETO_1362_DE_2011.pdf,2011
248,https://www.minsalud.gov.co/Normatividad_Nuevo/DECRETO%201031%20DE%202011.pdf,DECRETO_1031_DE_2011.pdf,2011
249,https://www.minsalud.gov.co/Normatividad_Nuevo/DECRETO%200971%20DE%202011.pdf,DECRETO_0971_DE_2011.pdf,2011
250,https://www.minsalud.gov.co/Normatividad_Nuevo/DECRETO%200954%20DE%202011.pdf,DECRETO_0954_DE_2011.pdf,2011
251,https://www.minsalud.gov.co/Normatividad_Nuevo/DECRETO%200415%20DE%202011.pdf,DECRETO_0415_DE_2011.pdf,2011
252,https://www.minsalud.gov.co/Normatividad_Nuevo/DECRETO%200360%20DE%202011.pdf,DECRETO_0360_DE_2011.pdf,2011
253,https://www.minsalud.gov.co/Normatividad_Nuevo/DECRETO%200033%20DE%202011.pdf,DECRETO_0033_DE_2011.pdf,2011
254,https://www.minsalud.gov.co/Normatividad_Nuevo/DECRETO%200020%20DE%202011.pdf,DECRETO_0020_DE_2011.pdf,2011
255,https://www.minsalud.gov.co/Normatividad_Nuevo/DECRETO%200017%20DE%202011.pdf,DECRETO_0017_DE_2011.pdf,2011
256,https://www.minsalud.gov.co/Normatividad_Nuevo/DECRETO%200016%20DE%202011.pdf,DECRETO_0016_DE_2011.pdf,2011
257,https://www.minsalud.gov.co/Normatividad_Nuevo/DECRETO%20%201124%20DE%202011.pdf,DECRETO__1124_DE_2011.pdf,2011
258,https://www.minsalud.gov.co/Normatividad_Nuevo/DECRETO%204833%20DE%202010.pdf,DECRETO_4833_DE_2010.pdf,2010
259,https://www.minsalud.gov.co/Normatividad_Nuevo/DECRETO%204831%20DE%202010.pdf,DECRETO_4831_DE_2010.pdf,2010
260,https://www.minsalud.gov.co/Normatividad_Nuevo/DECRETO%204832%20DE%202010.pdf,DECRETO_4832_DE_2010.pdf,2010
261,https://www.minsalud.gov.co/Normatividad_Nuevo/DECRETO%204829%20DE%202010.pdf,DECRETO_4829_DE_2010.pdf,2010
262,https://www.minsalud.gov.co/Normatividad_Nuevo/DECRETO%204827%20DE%202010.pdf,DECRETO_4827_DE_2010.pdf,2010
263,https://www.minsalud.gov.co/Normatividad_Nuevo/DECRETO%204828%20DE%202010.pdf,DECRETO_4828_DE_2010.pdf,2010
264,https://www.minsalud.gov.co/Normatividad_Nuevo/DECRETO%204826%20DE%202010.pdf,DECRETO_4826_DE_2010.pdf,2010
265,https://www.minsalud.gov.co/Normatividad_Nuevo/DECRETO%204825%20DE%202010.pdf,DECRETO_4825_DE_2010.pdf,2010
266,https://www.minsalud.gov.co/Normatividad_Nuevo/DECRETO%204823%20DE%202010.pdf,DECRETO_4823_DE_2010.pdf,2010
267,https://www.minsalud.gov.co/Normatividad_Nuevo/DECRETO%204824%20DE%202010.pdf,DECRETO_4824_DE_2010.pdf,2010
268,https://www.minsalud.gov.co/Normatividad_Nuevo/DECRETO%204822%20DE%202010.pdf,DECRETO_4822_DE_2010.pdf,2010
269,https://www.minsalud.gov.co/Normatividad_Nuevo/DECRETO%204821%20DE%202010.pdf,DECRETO_4821_DE_2010.pdf,2010
270,https://www.minsalud.gov.co/Normatividad_Nuevo/DECRETO%204719%20DE%202010.pdf,DECRETO_4719_DE_2010.pdf,2010
271,https://www.minsalud.gov.co/Normatividad_Nuevo/DECRETO%204703%20DE%202010.pdf,DECRETO_4703_DE_2010.pdf,2010
272,https://www.minsalud.gov.co/Normatividad_Nuevo/DECRETO%204673%20DE%202010.pdf,DECRETO_4673_DE_2010.pdf,2010
273,https://www.minsalud.gov.co/Normatividad_Nuevo/DECRETO%204629%20DE%202010.pdf,DECRETO_4629_DE_2010.pdf,2010
274,https://www.minsalud.gov.co/Normatividad_Nuevo/DECRETO%204628%20DE%202010.pdf,DECRETO_4628_DE_2010.pdf,2010
275,https://www.minsalud.gov.co/Normatividad_Nuevo/DECRETO%204580%20DE%202010.pdf,DECRETO_4580_DE_2010.pdf,2010
276,https://www.minsalud.gov.co/Normatividad_Nuevo/DECRETO%204579%20DE%202010.pdf,DECRETO_4579_DE_2010.pdf,2010
277,https://www.minsalud.gov.co/Normatividad_Nuevo/DECRETO%204192%20DE%202010.pdf,DECRETO_4192_DE_2010.pdf,2010
278,https://www.minsalud.gov.co/Normatividad_Nuevo/DECRETO%204048%20DE%202010.pdf,DECRETO_4048_DE_2010.pdf,2010
279,https://www.minsalud.gov.co/Normatividad_Nuevo/DECRETO%202973%20DE%202010.pdf,DECRETO_2973_DE_2010.pdf,2010
280,https://www.minsalud.gov.co/Normatividad_Nuevo/DECRETO%202390%20DE%202010.pdf,DECRETO_2390_DE_2010.pdf,2010
281,https://www.minsalud.gov.co/Normatividad_Nuevo/DECRETO%202376%20DE%202010.pdf,DECRETO_2376_DE_2010.pdf,2010
282,https://www.minsalud.gov.co/Normatividad_Nuevo/DECRETO%202240%20DE%202010.pdf,DECRETO_2240_DE_2010.pdf,2010
283,https://www.minsalud.gov.co/Normatividad_Nuevo/DECRETO%201964%20DE%202010.pdf,DECRETO_1964_DE_2010.pdf,2010
284,https://www.minsalud.gov.co/Normatividad_Nuevo/DECRETO%201965%20DE%202010.pdf,DECRETO_1965_DE_2010.pdf,2010
285,https://www.minsalud.gov.co/Normatividad_Nuevo/DECRETO%201345%20DE%202010.pdf,DECRETO_1345_DE_2010.pdf,2010
286,https://www.minsalud.gov.co/Normatividad_Nuevo/DECRETO%201191%20DE%202010.pdf,DECRETO_1191_DE_2010.pdf,2010
287,https://www.minsalud.gov.co/Normatividad_Nuevo/DECRETO%201038%20DE%202010.pdf,DECRETO_1038_DE_2010.pdf,2010
288,https://www.minsalud.gov.co/Normatividad_Nuevo/DECRETO%200965%20%20DE%202010.pdf,DECRETO_0965__DE_2010.pdf,2010
289,https://www.minsalud.gov.co/Normatividad_Nuevo/DECRETO%200133%20DE%202010.pdf,DECRETO_0133_DE_2010.pdf,2010
290,https://www.minsalud.gov.co/Normatividad_Nuevo/DECRETO%200132%20DE%202010.pdf,DECRETO_0132_DE_2010.pdf,2010
291,https://www.minsalud.gov.co/Normatividad_Nuevo/DECRETO%200131%20DE%202010.pdf,DECRETO_0131_DE_2010.pdf,2010
292,https://www.minsalud.gov.co/Normatividad_Nuevo/DECRETO%200132%20DE%202010%20-ACLARACI%C3%93N%20INFORMACI%C3%93N%20SOLICITADA%20EPS.pdf,DECRETO_0132_DE_2010_-ACLARACI%C3%93N_INFORMACI%C3%93N_SOLICITADA_EPS.pdf,2010
293,https://www.minsalud.gov.co/Normatividad_Nuevo/DECRETO%200130%20DE%202010.pdf,DECRETO_0130_DE_2010.pdf,2010
294,https://www.minsalud.gov.co/Normatividad_Nuevo/DECRETO%200126%20DE%202010.pdf,DECRETO_0126_DE_2010.pdf,2010
295,https://www.minsalud.gov.co/Normatividad_Nuevo/DECRETO%200075%20DE%202010.pdf,DECRETO_0075_DE_2010.pdf,2010
296,https://www.minsalud.gov.co/Normatividad_Nuevo/DECRETO%200073%20DE%202010.pdf,DECRETO_0073_DE_2010.pdf,2010
297,https://www.minsalud.gov.co/Normatividad_Nuevo/DECRETO%204976%20DE%202009.pdf,DECRETO_4976_DE_2009.pdf,2009
298,https://www.minsalud.gov.co/Normatividad_Nuevo/DECRETO%204975%20DE%202009.pdf,DECRETO_4975_DE_2009.pdf,2009
299,https://www.minsalud.gov.co/Normatividad_Nuevo/DECRETO%204973%20DE%202009.pdf,DECRETO_4973_DE_2009.pdf,2009
300,https://www.minsalud.gov.co/Normatividad_Nuevo/DECRETO%204942%20DE%202009.pdf,DECRETO_4942_DE_2009.pdf,2009
301,https://www.minsalud.gov.co/Normatividad_Nuevo/DECRETO%204927%20DE%202009.pdf,DECRETO_4927_DE_2009.pdf,2009
302,https://www.minsalud.gov.co/Normatividad_Nuevo/DECRETO%203756%20DE%202009.pdf,DECRETO_3756_DE_2009.pdf,2009
303,https://www.minsalud.gov.co/Normatividad_Nuevo/DECRETO%203668%20DE%202009.pdf,DECRETO_3668_DE_2009.pdf,2009
304,https://www.minsalud.gov.co/Normatividad_Nuevo/DECRETO%203576%20DE%202009.pdf,DECRETO_3576_DE_2009.pdf,2009
305,https://www.minsalud.gov.co/Normatividad_Nuevo/DECRETO%203275%20DE%202009.pdf,DECRETO_3275_DE_2009.pdf,2009
306,https://www.minsalud.gov.co/Normatividad_Nuevo/DECRETO%202196%20DE%202009.pdf,DECRETO_2196_DE_2009.pdf,2009
307,https://www.minsalud.gov.co/Normatividad_Nuevo/DECRETO%202171%20de%202009.pdf,DECRETO_2171_de_2009.pdf,2009
308,https://www.minsalud.gov.co/Normatividad_Nuevo/DECRETO%201294%20DE%202009.pdf,DECRETO_1294_DE_2009.pdf,2009
309,https://www.minsalud.gov.co/Normatividad_Nuevo/DECRETO%201293%20DE%202009.pdf,DECRETO_1293_DE_2009.pdf,2009
310,https://www.minsalud.gov.co/Normatividad_Nuevo/DECRETO%201141%20DE%202009.pdf,DECRETO_1141_DE_2009.pdf,2009
311,https://www.minsalud.gov.co/Normatividad_Nuevo/DECRETO%200855%20DE%202009.pdf,DECRETO_0855_DE_2009.pdf,2009
312,https://www.minsalud.gov.co/Normatividad_Nuevo/DECRETO%200366%20DE%202009.pdf,DECRETO_0366_DE_2009.pdf,2009
313,https://www.minsalud.gov.co/Normatividad_Nuevo/DECRETO%200272%20DE%202009.pdf,DECRETO_0272_DE_2009.pdf,2009
314,https://www.minsalud.gov.co/Normatividad_Nuevo/DECRETO%200038%20DE%202009.pdf,DECRETO_0038_DE_2009.pdf,2009
315,https://www.minsalud.gov.co/Normatividad_Nuevo/Decreto%201883%20de%202008.pdf,Decreto_1883_de_2008.pdf,2008
316,https://www.minsalud.gov.co/Normatividad_Nuevo/DECRETO%204867%20DE%202008.pdf,DECRETO_4867_DE_2008.pdf,2008
317,https://www.minsalud.gov.co/Normatividad_Nuevo/DECRETO%204591%20DE%202008.pdf,DECRETO_4591_DE_2008.pdf,2008
318,https://www.minsalud.gov.co/Normatividad_Nuevo/DECRETO%204124%20DE%202008.pdf,DECRETO_4124_DE_2008.pdf,2008
319,https://www.minsalud.gov.co/Normatividad_Nuevo/DECRETO%203863%20DE%202008.pdf,DECRETO_3863_DE_2008.pdf,2008
320,https://www.minsalud.gov.co/Normatividad_Nuevo/DECRETO%203554%20DE%202008.pdf,DECRETO_3554_DE_2008.pdf,2008
321,https://www.minsalud.gov.co/Normatividad_Nuevo/DECRETO%202150%20DE%202008.pdf,DECRETO_2150_DE_2008.pdf,2008
322,https://www.minsalud.gov.co/Normatividad_Nuevo/DECRETO%202006%20DE%202008.pdf,DECRETO_2006_DE_2008.pdf,2008
323,https://www.minsalud.gov.co/Normatividad_Nuevo/DECRETO%201905%20DE%202008.pdf,DECRETO_1905_DE_2008.pdf,2008
324,https://www.minsalud.gov.co/Normatividad_Nuevo/DECRETO%201357%20DE%202008.pdf,DECRETO_1357_DE_2008.pdf,2008
325,https://www.minsalud.gov.co/Normatividad_Nuevo/DECRETO%201355%20DE%202008.pdf,DECRETO_1355_DE_2008.pdf,2008
326,https://www.minsalud.gov.co/Normatividad_Nuevo/DECRETO%200800%20DE%202008.PDF,DECRETO_0800_DE_2008.PDF,2008
327,https://www.minsalud.gov.co/Normatividad_Nuevo/DECRETO%200357%20DE%202008.pdf,DECRETO_0357_DE_2008.pdf,2008
328,https://www.minsalud.gov.co/Normatividad_Nuevo/DECRETO%204972%20DE%202007.pdf,DECRETO_4972_DE_2007.pdf,2007
329,https://www.minsalud.gov.co/Normatividad_Nuevo/DECRETO%204957%20DE%202007.pdf,DECRETO_4957_DE_2007.pdf,2007
330,https://www.minsalud.gov.co/Normatividad_Nuevo/DECRETO%204877%20DE%202007.pdf,DECRETO_4877_DE_2007.pdf,2007
331,https://www.minsalud.gov.co/Normatividad_Nuevo/DECRETO%204858%20DE%202007.pdf,DECRETO_4858_DE_2007.pdf,2007
332,https://www.minsalud.gov.co/Normatividad_Nuevo/DECRETO%204747%20DE%202007.pdf,DECRETO_4747_DE_2007.pdf,2007
333,https://www.minsalud.gov.co/Normatividad_Nuevo/DECRETO%204690%20DE%202007.pdf,DECRETO_4690_DE_2007.pdf,2007
334,https://www.minsalud.gov.co/Normatividad_Nuevo/DECRETO%204295%20DE%202007.pdf,DECRETO_4295_DE_2007.pdf,2007
335,https://www.minsalud.gov.co/Normatividad_Nuevo/DECRETO%204184%20DE%202007.PDF,DECRETO_4184_DE_2007.PDF,2007
336,https://www.minsalud.gov.co/Normatividad_Nuevo/DECRETO%203990%20DE%202007.PDF,DECRETO_3990_DE_2007.PDF,2007
337,https://www.minsalud.gov.co/Normatividad_Nuevo/DECRETO%203974%20DE%202007.PDF,DECRETO_3974_DE_2007.PDF,2007
338,https://www.minsalud.gov.co/Normatividad_Nuevo/DECRETO%203943%20DE%202007.PDF,DECRETO_3943_DE_2007.PDF,2007
339,https://www.minsalud.gov.co/Normatividad_Nuevo/DECRETO%203771%20DE%202007.PDF,DECRETO_3771_DE_2007.PDF,2007
340,https://www.minsalud.gov.co/Normatividad_Nuevo/DECRETO%203515%20DE%202007.PDF,DECRETO_3515_DE_2007.PDF,2007
341,https://www.minsalud.gov.co/Normatividad_Nuevo/DECRETO%203260%20DE%202007.PDF,DECRETO_3260_DE_2007.PDF,2007
342,https://www.minsalud.gov.co/Normatividad_Nuevo/DECRETO%203202%20DE%202007.PDF,DECRETO_3202_DE_2007.PDF,2007
343,https://www.minsalud.gov.co/Normatividad_Nuevo/DECRETO%203104%20DE%202007.PDF,DECRETO_3104_DE_2007.PDF,2007
344,https://www.minsalud.gov.co/Normatividad_Nuevo/DECRETO%203085%20DE%202007.PDF,DECRETO_3085_DE_2007.PDF,2007
345,https://www.minsalud.gov.co/Normatividad_Nuevo/DECRETO%203039%20DE%202007.PDF,DECRETO_3039_DE_2007.PDF,2007
346,https://www.minsalud.gov.co/Normatividad_Nuevo/DECRETO%201698%20de%202007.pdf,DECRETO_1698_de_2007.pdf,2007
347,https://www.minsalud.gov.co/Normatividad_Nuevo/DECRETO%201670%20DE%202007.PDF,DECRETO_1670_DE_2007.PDF,2007
348,https://www.minsalud.gov.co/Normatividad_Nuevo/DECRETO%201575%20DE%202007.PDF,DECRETO_1575_DE_2007.PDF,2007
349,https://www.minsalud.gov.co/Normatividad_Nuevo/DECRETO%201500%20DE%202007.PDF,DECRETO_1500_DE_2007.PDF,2007
350,https://www.minsalud.gov.co/Normatividad_Nuevo/DECRETO%201030%20DE%202007.PDF,DECRETO_1030_DE_2007.PDF,2007
351,https://www.minsalud.gov.co/Normatividad_Nuevo/DECRETO%201020%20DE%202007.PDF,DECRETO_1020_DE_2007.PDF,2007
352,https://www.minsalud.gov.co/Normatividad_Nuevo/DECRETO%201018%20DE%202007.pdf,DECRETO_1018_DE_2007.pdf,2007
353,https://www.minsalud.gov.co/Normatividad_Nuevo/DECRETO%200574%20DE%202007.PDF,DECRETO_0574_DE_2007.PDF,2007
354,https://www.minsalud.gov.co/Normatividad_Nuevo/DECRETO%200416%20DE%202007.pdf,DECRETO_0416_DE_2007.pdf,2007
355,https://www.minsalud.gov.co/Normatividad_Nuevo/DECRETO%200415%20DE%202007.PDF,DECRETO_0415_DE_2007.PDF,2007
356,https://www.minsalud.gov.co/Normatividad_Nuevo/DECRETO%200405%20DE%202007.PDF,DECRETO_0405_DE_2007.PDF,2007
357,https://www.minsalud.gov.co/Normatividad_Nuevo/DECRETO%204664%20DE%202006.pdf,DECRETO_4664_DE_2006.pdf,2006
358,https://www.minsalud.gov.co/Normatividad_Nuevo/DECRETO%204580%20DE%202006.pdf,DECRETO_4580_DE_2006.pdf,2006
359,https://www.minsalud.gov.co/Normatividad_Nuevo/DECRETO%204556%20DE%202006.pdf,DECRETO_4556_DE_2006.pdf,2006
360,https://www.minsalud.gov.co/Normatividad_Nuevo/DECRETO%204562%20DE%202006.pdf,DECRETO_4562_DE_2006.pdf,2006
361,https://www.minsalud.gov.co/Normatividad_Nuevo/DECRETO%204368%20DE%202006.pdf,DECRETO_4368_DE_2006.pdf,2006
362,https://www.minsalud.gov.co/Normatividad_Nuevo/DECRETO%204047%20DE%202006.pdf,DECRETO_4047_DE_2006.pdf,2006
363,https://www.minsalud.gov.co/Normatividad_Nuevo/DECRETO%203902%20DE%202006.pdf,DECRETO_3902_DE_2006.pdf,2006
364,https://www.minsalud.gov.co/Normatividad_Nuevo/DECRETO%203752%20DE%202006.pdf,DECRETO_3752_DE_2006.pdf,2006
365,https://www.minsalud.gov.co/Normatividad_Nuevo/DECRETO%203755%20DE%202006.pdf,DECRETO_3755_DE_2006.pdf,2006
366,https://www.minsalud.gov.co/Normatividad_Nuevo/DECRETO%203518%20DE%202006.pdf,DECRETO_3518_DE_2006.pdf,2006
367,https://www.minsalud.gov.co/Normatividad_Nuevo/DECRETO%203249%20DE%202006.pdf,DECRETO_3249_DE_2006.pdf,2006
368,https://www.minsalud.gov.co/Normatividad_Nuevo/DECRETO%202838%20DE%202006.pdf,DECRETO_2838_DE_2006.pdf,2006
369,https://www.minsalud.gov.co/Normatividad_Nuevo/DECRETO%202330%20DE%202006.pdf,DECRETO_2330_DE_2006.pdf,2006
370,https://www.minsalud.gov.co/Normatividad_Nuevo/DECRETO%202323%20DE%202006.pdf,DECRETO_2323_DE_2006.pdf,2006
371,https://www.minsalud.gov.co/Normatividad_Nuevo/DECRETO%202313%20DE%202006.pdf,DECRETO_2313_DE_2006.pdf,2006
372,https://www.minsalud.gov.co/Normatividad_Nuevo/DECRETO%202020%20DE%202006.pdf,DECRETO_2020_DE_2006.pdf,2006
373,https://www.minsalud.gov.co/Normatividad_Nuevo/DECRETO%201931%20DE%202006.pdf,DECRETO_1931_DE_2006.pdf,2006
374,https://www.minsalud.gov.co/Normatividad_Nuevo/DECRETO%201861%20DE%202006.pdf,DECRETO_1861_DE_2006.pdf,2006
375,https://www.minsalud.gov.co/Normatividad_Nuevo/DECRETO%201637%20DE%202006.pdf,DECRETO_1637_DE_2006.pdf,2006
376,https://www.minsalud.gov.co/Normatividad_Nuevo/DECRETO%201011%20DE%202006.pdf,DECRETO_1011_DE_2006.pdf,2006
377,https://www.minsalud.gov.co/Normatividad_Nuevo/DECRETO%204764%20DE%202005.PDF,DECRETO_4764_DE_2005.PDF,2005
378,https://www.minsalud.gov.co/Normatividad_Nuevo/DECRETO%204763%20DE%202005.PDF,DECRETO_4763_DE_2005.PDF,2005
379,https://www.minsalud.gov.co/Normatividad_Nuevo/DECRETO%204725%20DE%202005.PDF,DECRETO_4725_DE_2005.PDF,2005
380,https://www.minsalud.gov.co/Normatividad_Nuevo/DECRETO%204693%20DE%202005.PDF,DECRETO_4693_DE_2005.PDF,2005
381,https://www.minsalud.gov.co/Normatividad_Nuevo/DECRETO%204690%20DE%202005.PDF,DECRETO_4690_DE_2005.PDF,2005
382,https://www.minsalud.gov.co/Normatividad_Nuevo/DECRETO%204644%20DE%202005.PDF,DECRETO_4644_DE_2005.PDF,2005
383,https://www.minsalud.gov.co/Normatividad_Nuevo/DECRETO%204643%20DE%202005.PDF,DECRETO_4643_DE_2005.PDF,2005
384,https://www.minsalud.gov.co/Normatividad_Nuevo/DECRETO%204642%20DE%202005.PDF,DECRETO_4642_DE_2005.PDF,2005
385,https://www.minsalud.gov.co/Normatividad_Nuevo/DECRETO%204445%20DE%202005.PDF,DECRETO_4445_DE_2005.PDF,2005
386,https://www.minsalud.gov.co/Normatividad_Nuevo/DECRETO%204450%20DE%202005.PDF,DECRETO_4450_DE_2005.PDF,2005
387,https://www.minsalud.gov.co/Normatividad_Nuevo/DECRETO%204126%20DE%202005.PDF,DECRETO_4126_DE_2005.PDF,2005
388,https://www.minsalud.gov.co/Normatividad_Nuevo/DECRETO%203880%20DE%202005.PDF,DECRETO_3880_DE_2005.PDF,2005
389,https://www.minsalud.gov.co/Normatividad_Nuevo/DECRETO%203847%20DE%202005.PDF,DECRETO_3847_DE_2005.PDF,2005
390,https://www.minsalud.gov.co/Normatividad_Nuevo/DECRETO%203636%20DE%202005.PDF,DECRETO_3636_DE_2005.PDF,2005
391,https://www.minsalud.gov.co/Normatividad_Nuevo/DECRETO%203616%20DE%202005.PDF,DECRETO_3616_DE_2005.PDF,2005
392,https://www.minsalud.gov.co/Normatividad_Nuevo/DECRETO%203615%20DE%202005.PDF,DECRETO_3615_DE_2005.PDF,2005
393,https://www.minsalud.gov.co/Normatividad_Nuevo/DECRETO%203535%20DE%202005.PDF,DECRETO_3535_DE_2005.PDF,2005
394,https://www.minsalud.gov.co/Normatividad_Nuevo/DECRETO%203050%20DE%202005.pdf,DECRETO_3050_DE_2005.pdf,2005
395,https://www.minsalud.gov.co/Normatividad_Nuevo/DECRETO%203010%20DE%202005.PDF,DECRETO_3010_DE_2005.PDF,2005
396,https://www.minsalud.gov.co/Normatividad_Nuevo/DECRETO%203003%20DE%202005.pdf,DECRETO_3003_DE_2005.pdf,2005
397,https://www.minsalud.gov.co/Normatividad_Nuevo/DECRETO%20250%20DE%202005.pdf,DECRETO_250_DE_2005.pdf,2005
398,https://www.minsalud.gov.co/Normatividad_Nuevo/DECRETO%202320%20DE%202005.PDF,DECRETO_2320_DE_2005.PDF,2005
399,https://www.minsalud.gov.co/Normatividad_Nuevo/DECRETO%202233%20DE%202005.PDF,DECRETO_2233_DE_2005.PDF,2005
400,https://www.minsalud.gov.co/Normatividad_Nuevo/DECRETO%202200%20DE%202005.PDF,DECRETO_2200_DE_2005.PDF,2005
401,https://www.minsalud.gov.co/Normatividad_Nuevo/DECRETO%201950%20DE%202005.PDF,DECRETO_1950_DE_2005.PDF,2005
402,https://www.minsalud.gov.co/Normatividad_Nuevo/DECRETO%201737%20DE%202005.PDF,DECRETO_1737_DE_2005.PDF,2005
403,https://www.minsalud.gov.co/Normatividad_Nuevo/DECRETO%201538%20DE%202005.pdf,DECRETO_1538_DE_2005.pdf,2005
404,https://www.minsalud.gov.co/Normatividad_Nuevo/DECRETO%201465%20DE%202005.PDF,DECRETO_1465_DE_2005.PDF,2005
405,https://www.minsalud.gov.co/Normatividad_Nuevo/DECRETO%201464%20DE%202005.PDF,DECRETO_1464_DE_2005.PDF,2005
406,https://www.minsalud.gov.co/Normatividad_Nuevo/DECRETO%201195%20DE%202005.pdf,DECRETO_1195_DE_2005.pdf,2005
407,https://www.minsalud.gov.co/Normatividad_Nuevo/DECRETO%201061%20DE%202006.pdf,DECRETO_1061_DE_2006.pdf,2006
408,https://www.minsalud.gov.co/Normatividad_Nuevo/DECRETO%200736%20DE%202005.PDF,DECRETO_0736_DE_2005.PDF,2005
409,https://www.minsalud.gov.co/Normatividad_Nuevo/DECRETO%200506%20DE%202005.PDF,DECRETO_0506_DE_2005.PDF,2005
410,https://www.minsalud.gov.co/Normatividad_Nuevo/DECRETO%200462%20DE%202005.pdf,DECRETO_0462_DE_2005.pdf,2005
411,https://www.minsalud.gov.co/Normatividad_Nuevo/DECRETO%200187%20DE%202005.PDF,DECRETO_0187_DE_2005.PDF,2005
412,https://www.minsalud.gov.co/Normatividad_Nuevo/DECRETO%200147%20DE%202005.pdf,DECRETO_0147_DE_2005.pdf,2005
413,https://www.minsalud.gov.co/Normatividad_Nuevo/DECRETO%200148%20DE%202005.pdf,DECRETO_0148_DE_2005.pdf,2005
414,https://www.minsalud.gov.co/Normatividad_Nuevo/DECRETO%203770%20DE%202004.PDF,DECRETO_3770_DE_2004.PDF,2004
415,https://www.minsalud.gov.co/Normatividad_Nuevo/DECRETO%203554%20DE%202004.pdf,DECRETO_3554_DE_2004.pdf,2004
416,https://www.minsalud.gov.co/Normatividad_Nuevo/DECRETO%203553%20DE%202004.pdf,DECRETO_3553_DE_2004.pdf,2004
417,https://www.minsalud.gov.co/Normatividad_Nuevo/DECRETO%203367%20DE%202004.pdf,DECRETO_3367_DE_2004.pdf,2004
418,https://www.minsalud.gov.co/Normatividad_Nuevo/DECRETO%203260%20DE%202004.pdf,DECRETO_3260_DE_2004.pdf,2004
419,https://www.minsalud.gov.co/Normatividad_Nuevo/DECRETO%203171%20DE%202004.PDF,DECRETO_3171_DE_2004.PDF,2004
420,https://www.minsalud.gov.co/Normatividad_Nuevo/DECRETO%203183%20DE%202004.pdf,DECRETO_3183_DE_2004.pdf,2004
421,https://www.minsalud.gov.co/Normatividad_Nuevo/DECRETO%203154%20DE%202004.pdf,DECRETO_3154_DE_2004.pdf,2004
422,https://www.minsalud.gov.co/Normatividad_Nuevo/DECRETO%203132%20DE%202004.PDF,DECRETO_3132_DE_2004.PDF,2004
423,https://www.minsalud.gov.co/Normatividad_Nuevo/DECRETO%202975%20DE%202004.pdf,DECRETO_2975_DE_2004.pdf,2004
424,https://www.minsalud.gov.co/Normatividad_Nuevo/DECRETO%202959%20DE%202004.PDF,DECRETO_2959_DE_2004.PDF,2004
425,https://www.minsalud.gov.co/Normatividad_Nuevo/DECRETO%202716%20DE%202004.PDF,DECRETO_2716_DE_2004.PDF,2004
426,https://www.minsalud.gov.co/Normatividad_Nuevo/DECRETO%202637%20DE%202004.pdf,DECRETO_2637_DE_2004.pdf,2004
427,https://www.minsalud.gov.co/Normatividad_Nuevo/DECRETO%202594%20DE%202004.pdf,DECRETO_2594_DE_2004.pdf,2004
428,https://www.minsalud.gov.co/Normatividad_Nuevo/DECRETO%202541%20DE%202004.pdf,DECRETO_2541_DE_2004.pdf,2004
429,https://www.minsalud.gov.co/Normatividad_Nuevo/DECRETO%202546%20DE%202004.pdf,DECRETO_2546_DE_2004.pdf,2004
430,https://www.minsalud.gov.co/Normatividad_Nuevo/DECRETO%202494%20DE%202004.pdf,DECRETO_2494_DE_2004.pdf,2004
431,https://www.minsalud.gov.co/Normatividad_Nuevo/DECRETO%202493%20DE%202004.pdf,DECRETO_2493_DE_2004.pdf,2004
432,https://www.minsalud.gov.co/Normatividad_Nuevo/DECRETO%202423%20DE%202004.PDF,DECRETO_2423_DE_2004.PDF,2004
433,https://www.minsalud.gov.co/Normatividad_Nuevo/DECRETO%202359%20DE%202004.pdf,DECRETO_2359_DE_2004.pdf,2004
434,https://www.minsalud.gov.co/Normatividad_Nuevo/DECRETO%202360%20DE%202004.PDF,DECRETO_2360_DE_2004.PDF,2004
435,https://www.minsalud.gov.co/Normatividad_Nuevo/DECRETO%202358%20DE%202004.PDF,DECRETO_2358_DE_2004.PDF,2004
436,https://www.minsalud.gov.co/Normatividad_Nuevo/DECRETO%202350%20DE%202004.pdf,DECRETO_2350_DE_2004.pdf,2004
437,https://www.minsalud.gov.co/Normatividad_Nuevo/DECRETO%202357%20DE%202004.pdf,DECRETO_2357_DE_2004.pdf,2004
438,https://www.minsalud.gov.co/Normatividad_Nuevo/DECRETO%202313%20DE%202004.PDF,DECRETO_2313_DE_2004.PDF,2004
439,https://www.minsalud.gov.co/Normatividad_Nuevo/DECRETO%202280%20DE%202004.pdf,DECRETO_2280_DE_2004.pdf,2004
440,https://www.minsalud.gov.co/Normatividad_Nuevo/DECRETO%202266%20DE%202004.PDF,DECRETO_2266_DE_2004.PDF,2004
441,https://www.minsalud.gov.co/Normatividad_Nuevo/DECRETO%202193%20DE%202004.PDF,DECRETO_2193_DE_2004.PDF,2004
442,https://www.minsalud.gov.co/Normatividad_Nuevo/DECRETO%202121%20DE%202004.PDF,DECRETO_2121_DE_2004.PDF,2004
443,https://www.minsalud.gov.co/Normatividad_Nuevo/DECRETO%201076%20DE%202004.PDF,DECRETO_1076_DE_2004.PDF,2004
444,https://www.minsalud.gov.co/Normatividad_Nuevo/DECRETO%200975%20DE%202004.pdf,DECRETO_0975_DE_2004.pdf,2004
445,https://www.minsalud.gov.co/Normatividad_Nuevo/DECRETO%200919%20DE%202004.PDF,DECRETO_0919_DE_2004.PDF,2004
446,https://www.minsalud.gov.co/Normatividad_Nuevo/DECRETO%200777%20DE%202004.pdf,DECRETO_0777_DE_2004.pdf,2004
447,https://www.minsalud.gov.co/Normatividad_Nuevo/DECRETO%200569%20DE%202004.PDF,DECRETO_0569_DE_2004.PDF,2004
448,https://www.minsalud.gov.co/Normatividad_Nuevo/DECRETO%200516%20DE%202004.PDF,DECRETO_0516_DE_2004.PDF,2004
449,https://www.minsalud.gov.co/Normatividad_Nuevo/DECRETO%200536%20DE%202004.PDF,DECRETO_0536_DE_2004.PDF,2004
450,https://www.minsalud.gov.co/Normatividad_Nuevo/DECRETO%200515%20DE%202004.pdf,DECRETO_0515_DE_2004.pdf,2004
451,https://www.minsalud.gov.co/Normatividad_Nuevo/DECRETO%200481%20DE%202004.PDF,DECRETO_0481_DE_2004.PDF,2004
452,https://www.minsalud.gov.co/Normatividad_Nuevo/DECRETO%200427%20DE%202004.pdf,DECRETO_0427_DE_2004.pdf,2004
453,https://www.minsalud.gov.co/Normatividad_Nuevo/DECRETO%200309%20DE%202004.PDF,DECRETO_0309_DE_2004.PDF,2004
454,https://www.minsalud.gov.co/Normatividad_Nuevo/DECRETO%200308%20DE%202004.pdf,DECRETO_0308_DE_2004.pdf,2004
455,https://www.minsalud.gov.co/Normatividad_Nuevo/DECRETO%200250%20DE%202004.pdf,DECRETO_0250_DE_2004.pdf,2004
456,https://www.minsalud.gov.co/Normatividad_Nuevo/DECRETO%200249%20DE%202004.PDF,DECRETO_0249_DE_2004.PDF,2004
457,https://www.minsalud.gov.co/Normatividad_Nuevo/DECRETO%200212%20DE%202004.PDF,DECRETO_0212_DE_2004.PDF,2004
458,https://www.minsalud.gov.co/Normatividad_Nuevo/DECRETO%200211%20DE%202004.pdf,DECRETO_0211_DE_2004.pdf,2004
459,https://www.minsalud.gov.co/Normatividad_Nuevo/DECRETO%200163%20DE%202004.PDF,DECRETO_0163_DE_2004.PDF,2004
460,https://www.minsalud.gov.co/Normatividad_Nuevo/DECRETO%200165%20DE%202004.pdf,DECRETO_0165_DE_2004.pdf,2004
461,https://www.minsalud.gov.co/Normatividad_Nuevo/DECRETO%200162%20DE%202004.pdf,DECRETO_0162_DE_2004.pdf,2004
462,https://www.minsalud.gov.co/Normatividad_Nuevo/DECRETO%200147%20DE%202004.PDF,DECRETO_0147_DE_2004.PDF,2004
463,https://www.minsalud.gov.co/Normatividad_Nuevo/DECRETO%200146%20DE%202004.PDF,DECRETO_0146_DE_2004.PDF,2004
464,https://www.minsalud.gov.co/Normatividad_Nuevo/DECRETO%200064%20DE%202004.pdf,DECRETO_0064_DE_2004.pdf,2004
465,https://www.minsalud.gov.co/Normatividad_Nuevo/DECRETO%200065%20DE%202004.pdf,DECRETO_0065_DE_2004.pdf,2004
466,https://www.minsalud.gov.co/Normatividad_Nuevo/DECRETO%200062%20DE%202004.PDF,DECRETO_0062_DE_2004.PDF,2004
467,https://www.minsalud.gov.co/Normatividad_Nuevo/DECRETO%200010%20DE%202004.PDF,DECRETO_0010_DE_2004.PDF,2004
468,https://www.minsalud.gov.co/Normatividad_Nuevo/DECRETO%204047%20DE%202003.pdf,DECRETO_4047_DE_2003.pdf,2003
469,https://www.minsalud.gov.co/Normatividad_Nuevo/DECRETO%203818%20DE%202003.PDF,DECRETO_3818_DE_2003.PDF,2003
470,https://www.minsalud.gov.co/Normatividad_Nuevo/DECRETO%203800%20DE%202003.pdf,DECRETO_3800_DE_2003.pdf,2003
471,https://www.minsalud.gov.co/Normatividad_Nuevo/DECRETO%203684%20DE%202003.pdf,DECRETO_3684_DE_2003.pdf,2003
472,https://www.minsalud.gov.co/Normatividad_Nuevo/DECRETO%203450%20DE%202003.pdf,DECRETO_3450_DE_2003.pdf,2003
473,https://www.minsalud.gov.co/Normatividad_Nuevo/DECRETO%203344%20DE%202003.PDF,DECRETO_3344_DE_2003.PDF,2003
474,https://www.minsalud.gov.co/Normatividad_Nuevo/DECRETO%203353%20DE%202003.PDF,DECRETO_3353_DE_2003.PDF,2003
475,https://www.minsalud.gov.co/Normatividad_Nuevo/DECRETO%203272%20DE%202003.pdf,DECRETO_3272_DE_2003.pdf,2003
476,https://www.minsalud.gov.co/Normatividad_Nuevo/DECRETO%203213%20DE%202003.PDF,DECRETO_3213_DE_2003.PDF,2003
477,https://www.minsalud.gov.co/Normatividad_Nuevo/DECRETO%203160%20DE%202003.pdf,DECRETO_3160_DE_2003.pdf,2003
478,https://www.minsalud.gov.co/Normatividad_Nuevo/DECRETO%202800%20DE%202003.pdf,DECRETO_2800_DE_2003.pdf,2003
479,https://www.minsalud.gov.co/Normatividad_Nuevo/DECRETO%202745%20DE%202003.pdf,DECRETO_2745_DE_2003.pdf,2003
480,https://www.minsalud.gov.co/Normatividad_Nuevo/DECRETO%202681%20DE%202003.pdf,DECRETO_2681_DE_2003.pdf,2003
481,https://www.minsalud.gov.co/Normatividad_Nuevo/DECRETO%202483%20DE%202003.pdf,DECRETO_2483_DE_2003.pdf,2003
482,https://www.minsalud.gov.co/Normatividad_Nuevo/DECRETO%202482%20DE%202003.pdf,DECRETO_2482_DE_2003.pdf,2003
483,https://www.minsalud.gov.co/Normatividad_Nuevo/DECRETO%202287%20DE%202003.pdf,DECRETO_2287_DE_2003.pdf,2003
484,https://www.minsalud.gov.co/Normatividad_Nuevo/DECRETO%202287%20DE%202002.pdf,DECRETO_2287_DE_2002.pdf,2002
485,https://www.minsalud.gov.co/Normatividad_Nuevo/DECRETO%202284%20DE%202003.pdf,DECRETO_2284_DE_2003.pdf,2003
486,https://www.minsalud.gov.co/Normatividad_Nuevo/DECRETO%202131%20DE%202003.pdf,DECRETO_2131_DE_2003.pdf,2003
487,https://www.minsalud.gov.co/Normatividad_Nuevo/DECRETO%202112%20DE%202003.pdf,DECRETO_2112_DE_2003.pdf,2003
488,https://www.minsalud.gov.co/Normatividad_Nuevo/DECRETO%202092%20DE%202003.PDF,DECRETO_2092_DE_2003.PDF,2003
489,https://www.minsalud.gov.co/Normatividad_Nuevo/DECRETO%201750%20DE%202003.pdf,DECRETO_1750_DE_2003.pdf,2003
490,https://www.minsalud.gov.co/Normatividad_Nuevo/DECRETO%201660%20DE%202003.pdf,DECRETO_1660_DE_2003.pdf,2003
491,https://www.minsalud.gov.co/Normatividad_Nuevo/DECRETO%201350%20DE%202003.pdf,DECRETO_1350_DE_2003.pdf,2003
492,https://www.minsalud.gov.co/Normatividad_Nuevo/DECRETO%200205%20DE%202003.PDF,DECRETO_0205_DE_2003.PDF,2003
493,https://www.minsalud.gov.co/Normatividad_Nuevo/DECRETO%200102%20DE%202003.PDF,DECRETO_0102_DE_2003.PDF,2003
494,https://www.minsalud.gov.co/Normatividad_Nuevo/DECRETO%200063%20DE%202004.PDF,DECRETO_0063_DE_2004.PDF,2004
495,https://www.minsalud.gov.co/Normatividad_Nuevo/DECRETO%200027%20DE%202003.PDF,DECRETO_0027_DE_2003.PDF,2003
496,https://www.minsalud.gov.co/Normatividad_Nuevo/DECRETO%203219%20DE%202002.PDF,DECRETO_3219_DE_2002.PDF,2002
497,https://www.minsalud.gov.co/Normatividad_Nuevo/DECRETO%202794%20DE%202002.pdf,DECRETO_2794_DE_2002.pdf,2002
498,https://www.minsalud.gov.co/Normatividad_Nuevo/DECRETO%202599%20DE%202002.pdf,DECRETO_2599_DE_2002.pdf,2002
499,https://www.minsalud.gov.co/Normatividad_Nuevo/DECRETO%202598%20DE%202002.pdf,DECRETO_2598_DE_2002.pdf,2002
500,https://www.minsalud.gov.co/Normatividad_Nuevo/DECRETO%202451%20DE%202002.pdf,DECRETO_2451_DE_2002.pdf,2002
501,https://www.minsalud.gov.co/Normatividad_Nuevo/DECRETO%202454%20DE%202002.pdf,DECRETO_2454_DE_2002.pdf,2002
502,https://www.minsalud.gov.co/Normatividad_Nuevo/DECRETO%202309%20DE%202002.pdf,DECRETO_2309_DE_2002.pdf,2002
503,https://www.minsalud.gov.co/Normatividad_Nuevo/DECRETO%201703%20DE%202002.pdf,DECRETO_1703_DE_2002.pdf,2002
504,https://www.minsalud.gov.co/Normatividad_Nuevo/DECRETO%201669%20DE%202002.pdf,DECRETO_1669_DE_2002.pdf,2002
505,https://www.minsalud.gov.co/Normatividad_Nuevo/DECRETO%201659%20DE%202002.pdf,DECRETO_1659_DE_2002.pdf,2002
506,https://www.minsalud.gov.co/Normatividad_Nuevo/DECRETO%201607%20DE%202002.pdf,DECRETO_1607_DE_2002.pdf,2002
507,https://www.minsalud.gov.co/Normatividad_Nuevo/DECRETO%201562%20DE%202002.pdf,DECRETO_1562_DE_2002.pdf,2002
508,https://www.minsalud.gov.co/Normatividad_Nuevo/DECRETO%201338%20DE%202002.pdf,DECRETO_1338_DE_2002.pdf,2002
509,https://www.minsalud.gov.co/Normatividad_Nuevo/DECRETO%201282%20DE%202002.pdf,DECRETO_1282_DE_2002.pdf,2002
510,https://www.minsalud.gov.co/Normatividad_Nuevo/DECRETO%201281%20DE%202002.pdf,DECRETO_1281_DE_2002.pdf,2002
511,https://www.minsalud.gov.co/Normatividad_Nuevo/DECRETO%201280%20DE%202002.pdf,DECRETO_1280_DE_2002.pdf,2002
512,https://www.minsalud.gov.co/Normatividad_Nuevo/DECRETO%201270%20DE%202002.PDF,DECRETO_1270_DE_2002.PDF,2002
513,https://www.minsalud.gov.co/Normatividad_Nuevo/DECRETO%201015%20DE%202002.PDF,DECRETO_1015_DE_2002.PDF,2002
514,https://www.minsalud.gov.co/Normatividad_Nuevo/DECRETO%200955%20DE%202002.pdf,DECRETO_0955_DE_2002.pdf,2002
515,https://www.minsalud.gov.co/Normatividad_Nuevo/DECRETO%200224%20DE%202002.pdf,DECRETO_0224_DE_2002.pdf,2002
516,https://www.minsalud.gov.co/Normatividad_Nuevo/DECRETO%200063%20DE%202002.pdf,DECRETO_0063_DE_2002.pdf,2002
517,https://www.minsalud.gov.co/Normatividad_Nuevo/DECRETO%200060%20DE%202002.pdf,DECRETO_0060_DE_2002.pdf,2002
518,https://www.minsalud.gov.co/Normatividad_Nuevo/DECRETO%202878%20DE%202001.pdf,DECRETO_2878_DE_2001.pdf,2001
519,https://www.minsalud.gov.co/Normatividad_Nuevo/DECRETO%202538%20DE%202001.pdf,DECRETO_2538_DE_2001.pdf,2001
520,https://www.minsalud.gov.co/Normatividad_Nuevo/DECRETO%202340%20DE%202001.pdf,DECRETO_2340_DE_2001.pdf,2001
521,https://www.minsalud.gov.co/Normatividad_Nuevo/DECRETO%202325%20DE%202001.pdf,DECRETO_2325_DE_2001.pdf,2001
522,https://www.minsalud.gov.co/Normatividad_Nuevo/DECRETO%202326%20DE%202001.PDF,DECRETO_2326_DE_2001.PDF,2001
523,https://www.minsalud.gov.co/Normatividad_Nuevo/DECRETO%202315%20DE%202001.pdf,DECRETO_2315_DE_2001.pdf,2001
524,https://www.minsalud.gov.co/Normatividad_Nuevo/DECRETO%202212%20DE%202001.pdf,DECRETO_2212_DE_2001.pdf,2001
525,https://www.minsalud.gov.co/Normatividad_Nuevo/DECRETO%202188%20DE%202001.pdf,DECRETO_2188_DE_2001.pdf,2001
526,https://www.minsalud.gov.co/Normatividad_Nuevo/DECRETO%202053%20DE%202001.PDF,DECRETO_2053_DE_2001.PDF,2001
527,https://www.minsalud.gov.co/Normatividad_Nuevo/DECRETO%201968%20DE%202001.pdf,DECRETO_1968_DE_2001.pdf,2001
528,https://www.minsalud.gov.co/Normatividad_Nuevo/DECRETO%201770%20DE%202001.PDF,DECRETO_1770_DE_2001.PDF,2001
529,https://www.minsalud.gov.co/Normatividad_Nuevo/DECRETO%201645%20DE%202001.PDF,DECRETO_1645_DE_2001.PDF,2001
530,https://www.minsalud.gov.co/Normatividad_Nuevo/DECRETO%201615%20DE%202001.pdf,DECRETO_1615_DE_2001.pdf,2001
531,https://www.minsalud.gov.co/Normatividad_Nuevo/DECRETO%201606%20DE%202001.pdf,DECRETO_1606_DE_2001.pdf,2001
532,https://www.minsalud.gov.co/Normatividad_Nuevo/DECRETO%201526%20DE%202001.pdf,DECRETO_1526_DE_2001.pdf,2001
533,https://www.minsalud.gov.co/Normatividad_Nuevo/DECRETO%201101%20DE%202001.pdf,DECRETO_1101_DE_2001.pdf,2001
534,https://www.minsalud.gov.co/Normatividad_Nuevo/DECRETO%201100%20DE%202001.pdf,DECRETO_1100_DE_2001.pdf,2001
535,https://www.minsalud.gov.co/Normatividad_Nuevo/DECRETO%200887%20DE%202001.pdf,DECRETO_0887_DE_2001.pdf,2001
536,https://www.minsalud.gov.co/Normatividad_Nuevo/DECRETO%200889%20DE%202001.pdf,DECRETO_0889_DE_2001.pdf,2001
537,https://www.minsalud.gov.co/Normatividad_Nuevo/DECRETO%200641%20DE%202001.pdf,DECRETO_0641_DE_2001.pdf,2001
538,https://www.minsalud.gov.co/Normatividad_Nuevo/DECRETO%200549%20DE%202001.pdf,DECRETO_0549_DE_2001.pdf,2001
539,https://www.minsalud.gov.co/Normatividad_Nuevo/DECRETO%200493%20DE%202001.pdf,DECRETO_0493_DE_2001.pdf,2001
540,https://www.minsalud.gov.co/Normatividad_Nuevo/DECRETO%202694%20DE%202000.PDF,DECRETO_2694_DE_2000.PDF,2000
541,https://www.minsalud.gov.co/Normatividad_Nuevo/DECRETO%202676%20DE%202000.pdf,DECRETO_2676_DE_2000.pdf,2000
542,https://www.minsalud.gov.co/Normatividad_Nuevo/DECRETO%202569%20DE%202000.pdf,DECRETO_2569_DE_2000.pdf,2000
543,https://www.minsalud.gov.co/Normatividad_Nuevo/DECRETO%202244%20DE%202000.pdf,DECRETO_2244_DE_2000.pdf,2000
544,https://www.minsalud.gov.co/Normatividad_Nuevo/DECRETO%201352%20DE%202000.pdf,DECRETO_1352_DE_2000.pdf,2000
545,https://www.minsalud.gov.co/Normatividad_Nuevo/DECRETO%201259%20DE%202000.pdf,DECRETO_1259_DE_2000.pdf,2000
546,https://www.minsalud.gov.co/Normatividad_Nuevo/DECRETO%201151%20DE%202000.pdf,DECRETO_1151_DE_2000.pdf,2000
547,https://www.minsalud.gov.co/Normatividad_Nuevo/DECRETO%200955%20DE%202000.PDF,DECRETO_0955_DE_2000.PDF,2000
548,https://www.minsalud.gov.co/Normatividad_Nuevo/DECRETO%200783%20DE%202000.pdf,DECRETO_0783_DE_2000.pdf,2000
549,https://www.minsalud.gov.co/Normatividad_Nuevo/DECRETO%200612%20DE%202000.pdf,DECRETO_0612_DE_2000.pdf,2000
550,https://www.minsalud.gov.co/Normatividad_Nuevo/DECRETO%200348%20DE%202000.PDF,DECRETO_0348_DE_2000.PDF,2000
551,https://www.minsalud.gov.co/Normatividad_Nuevo/DECRETO%200329%20DE%202000.PDF,DECRETO_0329_DE_2000.PDF,2000
552,https://www.minsalud.gov.co/Normatividad_Nuevo/DECRETO%200276%20DE%202000.pdf,DECRETO_0276_DE_2000.pdf,2000
553,https://www.minsalud.gov.co/Normatividad_Nuevo/DECRETO%200266%20DE%202000.pdf,DECRETO_0266_DE_2000.pdf,2000
554,https://www.minsalud.gov.co/Normatividad_Nuevo/DECRETO%200222%20DE%202000.pdf,DECRETO_0222_DE_2000.pdf,2000
555,https://www.minsalud.gov.co/Normatividad_Nuevo/DECRETO%200090%20DE%202000.pdf,DECRETO_0090_DE_2000.pdf,2000
556,https://www.minsalud.gov.co/Normatividad_Nuevo/DECRETO%200046%20DE%202000.pdf,DECRETO_0046_DE_2000.pdf,2000
557,https://www.minsalud.gov.co/Normatividad_Nuevo/DECRETO%200047%20DE%202000.PDF,DECRETO_0047_DE_2000.PDF,2000
